,Thunderstorm Wind,Waterspout,Marine Thunderstorm Wind,Hail,Flood,Flash Flood,Excessive Heat,Lightning,Debris Flow,Wildfire,Tornado,Blizzard,Cold/Wind Chill,Extreme Cold/Wind Chill,Heat,Heavy Snow
STATE_FIPS,0.044847842,0.81765187,2.2383661,0.015159428,0.02224769,0.028521921,0.03849564,0.061612103,0.09735584,0.148399,0.0273551,0.05160445,0.04027626,0.023716636,0.115265444,0.039635587
CZ_FIPS,0.017089112,0.012164696,0.4598648,0.027470246,0.023943985,0.024448019,0.026258444,0.029726544,0.026028669,0.056924492,0.019441433,0.05397727,0.028919775,0.01069786,0.06472895,0.071714655
BEGIN_LAT,0.0303266,0.05590719,0.06628699,0.07080264,0.041703075,0.0447243,0.16138916,0.035143457,0.12891795,1.3444467,0.09048988,0.024267804,0.0,0.03587166,0.09438481,0.062176287
BEGIN_LON,0.055672772,0.019492645,0.0458453,0.13814305,0.0272554,0.10904091,0.05981235,0.11774559,1.9713975,0.03099783,0.098308094,0.0,0.0,0.027335476,0.18062267,0.03193802
END_LAT,0.006869843,0.008874463,0.012776227,0.039271705,0.028717762,0.02480974,0.0,0.016799226,0.06435494,0.0,0.038360637,0.0,0.0,0.0,0.13393682,0.05685947
END_LON,0.01798485,0.01509984,0.012337407,0.121492386,0.029756384,0.08986436,0.0,0.06555702,0.45297086,0.001839315,0.05776515,0.0,0.0,0.0,0.0686131,0.0
LATITUDE,0.018017663,0.003847011,0.100251414,0.036220696,0.056192145,0.059087202,0.0,0.0301435,0.060957886,0.0,0.092863925,0.0,0.0,0.0,0.0,0.0
LONGITUDE,0.0666133,0.014098801,0.014085392,0.05850668,0.02901551,0.09119895,0.0,0.05450011,0.14663531,0.049457967,0.0936388,0.0,0.0,0.0,0.0,0.0
BEGIN_RANGE,0.0035388619,0.003760719,0.031461533,0.011460463,0.0054657026,0.0058916304,0.0,0.0026081363,0.0016698258,0.0,0.00088919513,0.0,0.0,0.0,0.0,0.0
END_RANGE,0.004011174,0.0027262839,0.12802708,0.007750025,0.0056213173,0.011033883,0.0,0.004454198,0.002384139,0.0,0.0014066836,0.0,0.0,0.0,0.0,0.0
MAGNITUDE,0.13533904,0.035785723,0.029178396,0.039068773,1.0824611,0.018430134,0.0,0.014315438,0.026592057,0.02125291,0.085961565,0.046759285,0.0,0.0,0.0,0.056104932
TOR_LENGTH,0.0,0.0,0.0,0.1582937,0.0,0.00073921203,0.0,0.0,0.0,0.0,0.0,0.0,0.0,0.0,0.0,0.0
TOR_WIDTH,0.0,0.0,0.0,0.18439136,0.0060561835,0.0014346028,0.0,0.0,0.0,0.0,0.007292629,0.0,0.0,0.0,0.0,0.0
INJURIES_DIRECT,0.0,0.0,0.0,7.9892205e-05,0.0,6.9696995e-05,0.0021692398,0.0,0.0,0.008761804,0.0,0.0,0.0,0.0,0.0,0.0
INJURIES_INDIRECT,0.0,0.0,0.0,0.0,2.0546768e-05,0.0,0.0,0.0,0.00035109636,0.0,0.0,0.0,0.0,0.0,0.0,0.0
DEATHS_DIRECT,0.0,0.0,0.0,0.0,4.079412e-05,0.0,0.0,0.0,0.00016409157,0.00014711812,0.0,0.0,0.0,0.0,0.0,0.0
DEATHS_INDIRECT,0.0,0.0,0.0,0.0,0.0,0.0,0.0,0.0,0.0,0.0,0.0,0.0,0.0,0.0,0.0,0.0
DAMAGE_PROPERTY_USD,0.0011519698,0.0,0.0,0.004686469,0.0072248015,0.0042026974,0.00088637735,0.020602396,0.06804922,0.055136975,0.001991087,0.0,0.0009850088,0.0,0.0,0.0
DAMAGE_CROPS_USD,0.0006669954,0.0,0.0,0.00031146998,0.00015662824,0.0020710633,0.00031498735,0.0,0.0,0.010836924,0.0,0.0,0.0,0.0,0.0,0.0
TOTAL_DAMAGE_USD,0.0015866933,0.0,0.0,0.0042271763,0.0030262866,0.0025844472,0.0012160741,0.003514665,0.0020289144,0.009480056,0.0063740215,0.0,0.0,0.0,0.009420419,0.0026249953
FATALITY_COUNT,0.0,0.0,0.0,0.0,0.0,0.00020037065,0.0039517977,0.0,0.0,0.0,0.0,0.0,0.0,0.0,0.0,0.0
event_duration_hours,0.09612553,0.042285793,0.018971497,0.4246346,0.029816711,0.028712563,0.24664292,0.005429988,0.13946724,0.25020668,0.122847475,0.03840253,0.19233444,0.0013588276,0.8165066,0.09061563
month,0.008320965,0.005181991,0.009392399,0.021712719,0.013355776,0.009024883,0.15416357,0.016136127,0.00638211,0.016010651,0.052727837,0.009212599,0.0015637898,0.005058809,0.06433099,0.006574614
hour,0.010031393,0.015419827,0.062108397,0.040760145,0.031558484,0.011723515,0.0541615,0.0088865915,0.021119146,0.04612607,0.005237416,0.0052694925,0.005446232,0.002853811,0.18715335,0.015862772
day_of_week,0.015434395,0.02230843,0.18350783,0.009701212,0.010873805,0.021832613,0.06593352,0.034817204,0.017674023,0.031051388,0.020338882,0.014249283,0.0004940427,0.0041137063,0.038068093,0.021406693
day_of_year,0.13479342,0.051768977,0.012917767,0.1577475,0.057443768,0.12471903,0.21784085,0.21195357,0.057543974,0.05703924,0.1977889,0.15760629,0.07756949,0.034334645,0.18224783,0.24368423
month_sin,0.0049718334,0.0049835993,0.024919571,0.015844004,0.03206438,0.010394922,0.004151982,0.020795152,0.016483292,0.011732644,0.02853003,0.0,0.03259992,0.012646495,0.022405539,0.032391928
month_cos,0.02251293,0.013535041,0.006273103,0.02097145,0.024886077,0.041177694,0.19502316,0.02072207,0.013253109,0.13159326,0.010978252,0.26614398,0.49860048,0.3330149,0.2091204,0.07986669
hour_sin,0.017387021,0.004858974,0.03007731,0.02605047,0.027326167,0.021356162,0.017909996,0.008942205,0.003137519,0.028097598,0.0076942216,0.016945124,0.0028704065,0.006217167,0.11449608,0.027289987
hour_cos,0.0073276246,0.032870654,0.115556665,0.06018712,0.02743393,0.015098971,0.0029393372,0.0116601605,0.035253484,0.024640812,0.0029654491,0.0104736285,0.0042745485,0.012261017,0.031373575,0.034682073
damage_property_usd,0.0010219361,0.0,0.0,0.0013501939,0.0039490378,0.0011697647,0.0,0.00449047,0.01720021,0.018659594,0.0005118508,0.0,0.00083067705,0.0,0.0,0.0
damage_crops_usd,0.00015268808,0.0,0.0,0.00042819534,0.0,0.0006230902,0.0,0.0,0.0,0.0004388506,0.0,0.0,0.0,0.0,0.0,0.0
total_damage_usd,0.0005670851,0.0,0.0,0.001858417,0.0013713039,0.00058373774,0.0,0.0004812375,0.0,0.0017518953,0.0014505269,0.0,0.0,0.0,0.0,0.002820681
log_damage,0.0,0.0,0.0,0.0006639272,0.00037679565,5.3340762e-05,0.0,0.0,0.0006269558,0.0,0.001662821,0.0,0.0,0.0,0.0,0.0
total_injuries,0.0,0.0,0.0,0.000105700215,1.9438989e-05,0.00010103146,0.0,0.0,0.0,0.0,0.0,0.0,0.0,0.0,0.0,0.0
total_deaths,0.0,0.0,0.0,0.0,0.0,2.470979e-05,0.0,0.0,0.0,0.0,0.0,0.0,0.0,0.0,0.0,0.0
has_fatalities,0.0,0.0,0.0,0.0,0.0,4.9882896e-05,0.0,0.0,0.0,0.0,0.0,0.0,0.0,0.0,0.0,0.0
severity_score,0.0005734971,0.0,0.0,0.0039742417,0.009688582,0.0037971393,0.0,0.002503872,0.0022348443,0.0093818875,0.00036059789,0.01366884,0.0,0.0,0.001591021,0.0
etype_Astronomical Low Tide,0.0,0.0,0.0,0.0,0.0,0.0,0.0,0.0,0.0,0.0,0.0,0.0,0.0,0.0,0.0,0.0
etype_Avalanche,0.0,0.0,0.0,0.0,0.00106562,2.1191157e-05,0.0,0.0,0.0,0.0,0.0,0.0,0.0,0.0,0.0,0.0
etype_Blizzard,0.0,0.0,0.0,0.0,0.0,0.0,0.0,0.0,0.0,0.0,0.0,0.0,0.0,0.04980039,0.0,0.023191903
etype_Coastal Flood,0.0,0.0,0.0,0.0,8.3287516e-05,1.8201434e-05,0.0,0.0,0.0,0.0,0.0,0.0,0.0,0.0,0.0,0.0
etype_Cold/Wind Chill,0.0,0.0,0.0,0.0,0.0,0.0,0.0,0.0,0.0,0.0,0.0,0.0,0.0,0.020163765,0.0,0.0
etype_Debris Flow,0.0,0.0,0.0,0.0,0.048867516,0.0063927947,0.0,0.0,0.0,0.0,0.0,0.0,0.0,0.0,0.0,0.0
etype_Dense Fog,0.0,0.0,0.0,0.0,0.0,0.0,0.0,0.0,0.0,0.00046280908,0.0,0.0,0.0,0.0,0.0,0.0
etype_Dense Smoke,0.0,0.0,0.0,0.0,0.0,0.0,0.0,0.0,0.0,0.0014309164,0.0,0.0,0.0,0.0,0.0,0.0
etype_Drought,0.0,0.0,0.0,0.0,0.0008545866,0.0,0.8505713,0.0,0.00059247983,0.031516396,0.0,0.0,0.0,0.0,0.6164778,0.0007762848
etype_Dust Devil,0.0,0.0,0.0,0.0,0.0,0.0,0.0,0.0,0.0,0.0,0.0,0.0,0.0,0.0,0.0,0.0
etype_Dust Storm,0.0,0.0,0.0,0.0,0.0,0.0,0.0,0.0,0.0,0.0,0.0,0.0,0.0,0.0,0.0,0.0
etype_Excessive Heat,0.0,0.0,0.0,0.0,0.0,0.0,0.0,0.0,0.0,0.019394942,0.0,0.0,0.0,0.0,1.6449238,0.0
etype_Extreme Cold/Wind Chill,0.0,0.0,0.0,0.0,0.0,0.0,0.0,0.0,0.0,0.0,0.0,0.00064793933,0.0,0.00049373414,0.0,0.00075331493
etype_Flash Flood,0.0,0.0,0.0,0.0052143633,1.0462341,0.011593123,0.0,0.0,0.004282754,0.0,0.0014956259,0.0,0.0,0.0,0.0,0.0
etype_Flood,0.0,0.0,0.0,0.00092452165,0.03494159,0.0015726077,0.0,0.0,0.024349222,0.0,0.0,0.011744615,0.0,0.0,0.0,0.0
etype_Freezing Fog,0.0,0.0,0.0,0.0,0.0,0.0,0.0,0.0,0.0,0.0,0.0,0.0,0.0,0.0,0.0,0.0
etype_Frost/Freeze,0.0,0.0,0.0,0.0,0.00020734525,0.0,0.0,0.0,0.0,0.0,0.0,0.00052308827,0.016839962,0.0,0.0,0.0003132869
etype_Funnel Cloud,0.05428053,0.0,0.0014531432,0.06268457,0.00012690437,0.0017500635,0.0,0.0,0.0,0.0,0.11234305,0.0,0.0,0.0,0.0,0.0
etype_Hail,0.5645398,0.0,0.0,1.2375767,0.0,0.0029874514,0.0,0.0007337122,0.029022858,0.0,0.2072981,0.0,0.0,0.0,0.0,0.0
etype_Heat,0.0,0.0,0.0,0.0,0.0,0.0,1.7923857,0.0,0.0,0.0044693537,0.0,0.0,0.0,0.0,0.0,0.0
etype_Heavy Rain,0.0,0.0,0.0,0.018849315,0.4192999,0.04968004,0.0,0.0,0.042354904,0.0,0.0,0.0,0.0,0.0,0.0,0.0
etype_Heavy Snow,0.0,0.0,0.0,0.0,0.072389424,0.0109681655,0.0,0.0,0.021409953,0.0,0.0,0.0,0.0,0.0031736386,0.0,0.010189489
etype_High Surf,0.0,0.0,0.0,0.0,0.0,0.0,0.0,0.0,0.0,0.0,0.0,0.0,0.0,0.0,0.0,0.0
etype_High Wind,0.0,0.0,0.0,0.0,0.0,0.0,0.0,0.0,0.0051192213,0.06707321,0.0,0.0,0.0,0.0,0.0,0.0
etype_Hurricane,0.0,0.0,0.0,0.0,0.0,0.0,0.0,0.0,0.0,0.0,0.0,0.0,0.0,0.0,0.0,0.0
etype_Hurricane (Typhoon),0.0,0.0,0.0,0.0,0.00042260255,0.0,0.0,0.0,0.0,0.0,0.0,0.0,0.0,0.0,0.0,0.0
etype_Ice Storm,0.0,0.0,0.0,0.0,0.0,0.0011179865,0.0,0.0,0.0,0.0,0.0,0.0,0.0,0.0,0.0,0.035113018
etype_Lake-Effect Snow,0.0,0.0,0.0,0.0,0.0,0.0,0.0,0.0,0.0,0.0,0.0,0.12518428,0.0,0.0,0.0,0.16083549
etype_Lakeshore Flood,0.0,0.0,0.0,0.0,0.0,0.0,0.0,0.0,0.0,0.0,0.0,0.0,0.0,0.0,0.0,0.0
etype_Lightning,0.0,0.0,0.0,0.008428087,0.0011993594,0.0005606356,0.0,0.0,0.0,0.06554607,0.0,0.0,0.0,0.0,0.0,0.0
etype_Marine Dense Fog,0.0,0.0,0.0,0.0,0.0,0.0,0.0,0.0,0.0,0.0,0.0,0.0,0.0,0.0,0.0,0.0
etype_Marine Hail,0.0,0.0,0.07884518,0.0,0.0,0.0,0.0,0.0,0.0,0.0,0.0,0.0,0.0,0.0,0.0,0.0
etype_Marine High Wind,0.0,0.0,0.0,0.0,0.0,0.0,0.0,0.0,0.0,0.0,0.0,0.0,0.0,0.0,0.0,0.0
etype_Marine Hurricane/Typhoon,0.0,0.0,0.0,0.0,0.0,0.0,0.0,0.0,0.0,0.0,0.0,0.0,0.0,0.0,0.0,0.0
etype_Marine Lightning,0.0,0.0,0.0,0.0,0.0,0.0,0.0,0.0,0.0,0.0,0.0,0.0,0.0,0.0,0.0,0.0
etype_Marine Strong Wind,0.0,0.0,0.0,0.0,0.0,0.0,0.0,0.0,0.0,0.0,0.0,0.0,0.0,0.0,0.0,0.0
etype_Marine Thunderstorm Wind,0.0,5.4265723,0.0,0.0,0.0,0.0,0.0,0.0,0.0,0.0,0.0,0.0,0.0,0.0,0.0,0.0
etype_Marine Tropical Depression,0.0,0.0,0.0,0.0,0.0,0.0,0.0,0.0,0.0,0.0,0.0,0.0,0.0,0.0,0.0,0.0
etype_Marine Tropical Storm,0.0,0.0,0.0,0.0,0.0,0.0,0.0,0.0,0.0,0.0,0.0,0.0,0.0,0.0,0.0,0.0
etype_Rip Current,0.0,0.0,0.0,0.0,0.0,0.0,0.0,0.0,0.0,0.0,0.0,0.0,0.0,0.0,0.0,0.0
etype_Seiche,0.0,0.0,0.0,0.0,0.0,0.0,0.0,0.0,0.0,0.0,0.0,0.0,0.0,0.0,0.0,0.0
etype_Sleet,0.0,0.0,0.0,0.0,0.0,0.0,0.0,0.0,0.0,0.0,0.0,0.0,0.0,0.0,0.0,0.0
etype_Sneakerwave,0.0,0.0,0.0,0.0,0.0,0.0,0.0,0.0,0.0,0.0,0.0,0.0,0.0,0.0,0.0,0.0
etype_Storm Surge/Tide,0.0,0.0,0.0,0.0,0.0,3.5611585e-05,0.0,0.0,0.0,0.0,0.0,0.0,0.0,0.0,0.0,0.0
etype_Strong Wind,0.0,0.0,0.0,0.0,0.0,0.0,0.0,0.0,0.0,0.004571908,0.0,0.0,0.0,0.0,0.0,0.0026849862
etype_Thunderstorm Wind,0.040887352,0.0,0.0,0.6734257,0.0,0.00031875906,0.0,0.00016252634,0.011598639,0.0,0.9196294,0.0,0.0,0.0,0.0,0.0
etype_Tornado,0.0,0.0,0.0,0.028852805,0.0,0.0,0.0,0.0,0.0,0.0,0.0,0.0,0.0,0.0,0.0,0.0
etype_Tropical Depression,0.0,0.0,0.0,0.0,0.0,3.7509806e-05,0.0,0.0,0.0,0.0,0.0,0.0,0.0,0.0,0.0,0.0
etype_Tropical Storm,0.0,0.0,0.0,0.0,0.007536556,0.0012384751,0.0,0.0,0.00064473465,0.0,0.08164014,0.0,0.0,0.0,0.0,0.0
etype_Tsunami,0.0,0.0,0.0,0.0,0.0,0.0,0.0,0.0,0.0,0.0,0.0,0.0,0.0,0.0,0.0,0.0
etype_Volcanic Ashfall,0.0,0.0,0.0,0.0,0.0,0.0,0.0,0.0,0.0,0.0,0.0,0.0,0.0,0.0,0.0,0.0
etype_Waterspout,0.0,0.0,0.12353018,0.0,0.0,0.0,0.0,0.0,0.0,0.0,0.0,0.0,0.0,0.0,0.0,0.0
etype_Wildfire,0.0,0.0,0.0,0.0,0.0040959185,0.0010037894,0.0,0.0,0.0,0.0,0.0,0.0,0.0,0.0,0.0,0.0
etype_Winter Storm,0.0,0.0,0.0,0.0,0.06799937,0.007808728,0.0,0.0,0.0036709209,0.0,0.0,0.009176354,1.5909829,0.007092917,0.0,0.22797358
etype_Winter Weather,0.0,0.0,0.0,0.0,2.5333607e-05,0.0,0.0,0.0,0.0013400483,0.0,0.0,0.006275429,0.0,0.004815443,0.0,0.01577206
is_hurricane_type,0.0,0.0,0.0,0.0,0.0066328766,0.009025529,0.0,0.0,0.0,0.0,0.027773151,0.0,0.0,0.0,0.0,0.0
is_flood_type,0.0,0.0,0.0,0.03287771,0.0030306403,0.285013,0.0,0.0,0.017579345,0.0,0.0,0.0,0.0,0.0,0.0,0.0
is_winter_type,0.0,0.0,0.0,0.0,0.056504004,0.003943336,0.0,0.0,0.0,0.23640776,0.0,2.320037,0.13698795,0.5231559,0.0,2.0505345
is_convective_type,0.0030723056,0.0,0.0,0.2407209,1.4452798,0.45759523,0.0,0.3060587,0.028072128,0.00023182004,0.010017109,0.0,0.0,0.0,0.0,0.0
event_rarity_score,0.037556473,0.0,2.2895458,0.50482273,0.08376928,0.046583764,0.03385938,3.0617185,0.08654328,1.1068802,0.6064384,1.1741676,0.002032981,1.617837,0.15933481,0.6737982
has_coordinates,0.0,0.0,0.016058328,0.0,0.05800706,0.0,0.8362939,0.0,0.0,2.297248,0.0,0.2824125,0.0,0.05089687,0.60914147,0.39305863
latitude,0.004979198,0.0069914213,0.019191597,0.02700838,0.02956072,0.004214569,0.0,0.0049632653,0.018725667,0.050492495,0.015074606,0.0,0.0,0.0,0.0,0.117841184
longitude,0.009209481,0.0017684698,0.0,0.023033189,0.009638355,0.009752741,0.0,0.010788582,0.05597902,0.0,0.013338619,0.0,0.0,0.0,0.0,0.0
abs_latitude,0.024691755,0.0,0.0,0.101159066,0.026905509,0.0456223,0.0,0.027736735,0.008192045,0.060429383,0.052141834,0.0,0.0,0.0,0.35219455,0.0
is_coastal_state,0.0018481752,0.0,0.0,0.0023216328,0.0019122511,0.014056904,0.0034327619,0.079267964,0.012928409,0.011215915,0.00045612096,0.011651275,0.0024786629,0.0010872716,0.0069303345,0.0012785111
tornado_intensity,0.0,0.0,0.0,0.0032344963,0.0,0.0,0.0,0.0,0.0,0.0,0.0,0.0,0.0,0.0,0.0,0.0
tor_length,0.0,0.0,0.0,0.018833494,0.0,0.00020134528,0.0,0.0,0.0,0.0,0.0,0.0,0.0,0.0,0.0,0.0
tor_width_miles,0.0,0.0,0.0,0.004551783,0.0,5.6443227e-05,0.0,0.0,0.0,0.0,0.0,0.0,0.0,0.0,0.0,0.0
tor_path_area,0.0,0.0,0.0,0.0076037496,0.0,0.0010514443,0.0,0.0,0.0,0.0,0.0,0.0,0.0,0.0,0.0,0.0
magnitude,0.045837197,0.0070280205,0.022841973,0.08065681,0.43329647,0.005616891,0.0,0.030136954,0.012704363,0.01024173,0.17896973,0.0,0.0,0.014711062,0.0,0.034746617
has_magnitude,0.0,0.0,0.0,0.00023294783,0.07928433,0.0,0.0,0.0,0.0,0.0,0.0,0.0,0.0,0.0,0.0,0.0
is_severe_wind,0.0,0.0,0.0,0.0484407,0.0,8.2846134e-05,0.0,0.0,0.0,0.0,0.038357485,0.0,0.0,0.0,0.0,0.0
is_significant_hail,0.0959535,0.0,0.0,0.33624008,0.0,0.0015795592,0.0,0.01862481,0.0,0.0,0.049443435,0.0,0.0,0.0,0.0,0.0
is_zone_event,0.044888224,0.0,0.0,0.4165063,0.21205808,0.76384646,0.0,0.0,0.0,0.0,0.16191767,0.0,0.0,0.025186557,0.0,0.104313
is_ice_jam_flood,0.0,0.0,0.0,0.0,0.0,0.0,0.0,0.0,0.0,0.0,0.0,0.0,0.0,0.0,0.0,0.0
is_rain_flood,0.0,0.0,0.0,0.08005346,0.015091351,0.039833095,0.0,0.0,0.109651186,0.0,0.0,0.0,0.0,0.0,0.0,0.0
is_snowmelt_flood,0.0,0.0,0.0,0.0,0.00025852254,0.0,0.0,0.0,0.00048970204,0.0,0.0,0.0,0.0,0.0,0.0,0.0
event_path_length_miles,0.0043087704,0.0,0.0059259646,0.0071862587,0.019935437,0.0027446228,0.0,0.010382993,0.012202379,0.0,0.00015973803,0.0,0.0,0.0,0.0,0.0
begin_range,0.0005113867,0.00021379249,0.0,0.0063270815,0.0028645406,0.0010394334,0.0,0.00018334485,0.0068161003,0.0,0.0001178784,0.0,0.0,0.0,0.0,0.0
days_since_last_event,0.29592237,0.23028094,0.42442426,0.3444953,0.23865178,0.39016056,0.017738018,0.24111155,0.20505513,0.103397034,0.13225003,0.08220303,0.026681885,0.016894547,0.04339202,0.10294857
days_since_last_cascade_trigger,0.63813686,0.5493398,0.42030233,0.9218164,0.5911616,0.9661059,0.078833066,0.5117595,0.4512671,0.47220322,0.50374514,0.26813257,0.0053191567,0.0027544424,0.22528462,0.38668627
events_last_7d,0.09631073,0.027423965,0.02641631,0.12461111,0.043892607,0.076911576,0.0033637215,0.0983599,0.041071463,0.02597241,0.071545675,0.0,0.0,0.001294349,0.007237425,0.004260376
damage_last_7d,0.008345834,0.0,0.0,0.021326544,0.008293645,0.0061791562,0.0016243763,0.007727385,0.009585937,0.009591366,0.009354974,0.0034679433,0.00021200044,0.0,0.0,0.0
max_severity_last_7d,0.011993677,0.0,0.0,0.017080653,0.014480165,0.009229932,0.0005150652,0.01221182,0.0148648545,0.0104761515,0.013339702,0.0,0.00028964473,0.0060573034,0.0,0.0
events_last_30d,0.018504724,0.007329178,0.09422853,0.015820263,0.022303432,0.03946841,0.002511636,0.011977832,0.02639486,0.14528297,0.0020386872,0.010853092,0.0035816994,0.0071457205,0.009684399,0.03910322
damage_last_30d,0.008529528,0.0,0.0,0.007989058,0.04297383,0.013396789,0.0077510993,0.036745187,0.025298983,0.00753452,0.002676634,0.0005156383,0.002322588,0.0016130764,0.0028143148,0.030900285
max_severity_last_30d,0.0060661207,0.0,0.0,0.010391414,0.0067843157,0.008860286,0.00037945338,0.06800192,0.035215206,0.009557603,0.013003828,0.0,0.0013190767,0.008810719,0.0057779993,0.04265234
recent_event_density,0.001278315,0.0008843238,0.0,0.0076042856,0.004363778,0.014462674,0.0023332485,0.0027655936,0.007636521,0.027695471,0.008622133,0.0009913795,0.0,0.004380672,0.0021827442,0.043168496
location_event_count,0.0883929,0.01911665,0.053212196,0.061597817,0.08016427,0.135728,0.012847998,0.23002724,0.13384345,0.044359636,0.024754992,0.0044065756,0.00841455,0.0020561824,0.012466027,0.06512689
location_avg_damage,0.015360603,0.003816161,0.7034209,0.019717885,0.08384328,0.08068865,0.02148021,0.088299155,0.07680761,0.10280284,0.016122751,0.0032643704,0.00525807,0.0007371006,0.049650673,0.091044135
location_avg_severity,0.01130729,0.013534453,0.04024476,0.018265061,0.047638234,0.050134405,0.003942667,0.119123414,0.06261169,0.15318792,0.005620077,0.00042835638,0.0026769026,0.0012788085,0.027035888,0.060662996
location_cascade_rate,0.17072855,0.115954556,0.20617107,0.27815214,0.17091745,0.24096145,0.105750754,0.16042288,0.23564434,0.29675388,0.1046787,0.050754216,0.026176676,0.016225684,0.1111556,0.099241436
state_avg_damage,0.010511853,0.07772549,0.0117989285,0.012883282,0.05003521,0.059488796,0.037972514,0.031718973,0.2598033,0.12990114,0.0035196918,0.008010632,0.024134409,0.05307749,0.0711423,0.10901172
state_cascade_rate,0.009276308,0.04172039,0.0,0.020300502,0.09217049,0.046407416,0.02315563,0.073547736,0.73911107,0.10708408,0.038730092,0.15159191,0.014649571,0.04275769,0.0861984,0.08738818
state_avg_severity,0.017119346,0.0,0.30983612,0.03616712,0.04049535,0.09955674,0.105920374,0.12294258,0.16323014,0.10832123,0.014121939,0.20051524,0.007785754,0.16632009,0.09747108,0.06984514
event_type_avg_damage,0.037399247,0.0,0.0,0.26875633,0.42935586,0.53557575,0.3381245,0.0,0.11387109,0.13766146,1.6701887,0.11590697,0.028595105,0.09223404,0.184645,0.71361583
event_type_avg_severity,4.7877965,0.010373121,3.4150782,0.14704661,2.4140127,0.039868776,0.004412217,0.07764805,0.88554275,0.037243843,0.25945175,0.26733956,0.055611096,0.28166652,0.63936424,1.0483072
